{
  "scenarios": [
    {
      "scenario": "50_2_6",
      "num_orders": 50,
      "n_instances": 5,
      "stats": {
        "SOP": {
          "mean_td": 5131.2,
          "std_td": 500.99716566064524,
          "min_td": 4212.0,
          "max_td": 5647.0,
          "mean_rt": 0.0005535236000014266,
          "vs_sop_mean": 0.0,
          "vs_sop_min": 0.0,
          "vs_sop_max": 0.0,
          "vs_fcfs_mean": 253.36540768768594
        },
        "FCFS": {
          "mean_td": 1451.4,
          "std_td": 74.18247771542819,
          "min_td": 1332.0,
          "max_td": 1528.0,
          "mean_rt": 0.0001809640000061563,
          "vs_sop_mean": -71.51489769509226,
          "vs_sop_min": -75.20807508411545,
          "vs_sop_max": -68.37606837606837,
          "vs_fcfs_mean": 0.0
        },
        "DEPSO": {
          "mean_td": 794.4,
          "std_td": 61.77896082000733,
          "min_td": 685.0,
          "max_td": 849.0,
          "mean_rt": 8.4541843776,
          "vs_sop_mean": -84.34805696758572,
          "vs_sop_min": -87.86966530901364,
          "vs_sop_max": -81.79012345679013,
          "vs_fcfs_mean": -45.27657610542134
        },
        "RBRS-AE": {
          "mean_td": 779.8,
          "std_td": 38.13869426186481,
          "min_td": 726.0,
          "max_td": 828.0,
          "mean_rt": 22.087730268799994,
          "vs_sop_mean": -84.6634432251249,
          "vs_sop_min": -87.14361607933417,
          "vs_sop_max": -82.26495726495726,
          "vs_fcfs_mean": -46.244978827919155
        }
      }
    }
  ],
  "paper_reference": {
    "50_2_6": {
      "vs_sop": -88.52,
      "vs_fcfs": -38.98,
      "vs_savings": -30.03,
      "runtime": 23.96
    },
    "100_2_6": {
      "vs_sop": -90.79,
      "vs_fcfs": -47.77,
      "vs_savings": -34.77,
      "runtime": 35.69
    },
    "150_2_6": {
      "vs_sop": -91.23,
      "vs_fcfs": -50.26,
      "vs_savings": -34.75,
      "runtime": 44.98
    },
    "200_2_6": {
      "vs_sop": -91.54,
      "vs_fcfs": -51.42,
      "vs_savings": -33.72,
      "runtime": 52.11
    }
  }
}